{
  "data": [
    {
      "value": 0,
      "date": "2023-11-30T08:50:31.057Z"
    },
    {
      "value": "",
      "date": "2023-11-30T08:51:00.721Z"
    },
    {
      "value": "",
      "date": "2023-11-30T08:56:48.235Z"
    },
    {
      "value": "",
      "date": "2023-11-30T08:56:52.677Z"
    },
    {
      "value": "",
      "date": "2023-11-30T08:56:56.137Z"
    },
    {
      "value": "",
      "date": "2023-11-30T08:57:42.011Z"
    },
    {
      "value": "",
      "date": "2023-11-30T08:58:13.211Z"
    },
    {
      "value": "",
      "date": "2023-11-30T08:59:43.130Z"
    },
    {
      "value": "",
      "date": "2023-11-30T09:00:51.115Z"
    },
    {
      "value": 0,
      "date": "2023-11-30T09:02:40.385Z"
    },
    {
      "value": 0,
      "date": "2023-11-30T09:50:51.170Z"
    },
    {
      "value": "",
      "date": "2023-11-30T09:52:06.834Z"
    },
    {
      "value": 0,
      "date": "2023-11-30T09:57:17.177Z"
    },
    {
      "value": 0,
      "date": "2023-11-30T10:05:43.604Z"
    },
    {
      "value": 0,
      "date": "2023-11-30T10:07:19.323Z"
    },
    {
      "value": "11222211",
      "date": "2023-11-30T10:09:15.644Z"
    },
    {
      "value": "12311111111111111144444444444444444",
      "date": "2023-11-30T10:26:05.299Z"
    },
    {
      "value": "",
      "date": "2023-11-30T10:26:05.322Z"
    }
  ]
}