{
  "data": [
    {
      "value": 0,
      "date": "2023-11-30T08:50:31.057Z"
    },
    {
      "value": 0,
      "date": "2023-11-30T09:02:40.385Z"
    },
    {
      "value": 0,
      "date": "2023-11-30T09:50:51.170Z"
    },
    {
      "value": 0,
      "date": "2023-11-30T09:57:17.177Z"
    },
    {
      "value": 0,
      "date": "2023-11-30T10:05:43.604Z"
    },
    {
      "value": 0,
      "date": "2023-11-30T10:07:19.323Z"
    },
    {
      "value": "11222211",
      "date": "2023-11-30T10:09:15.644Z"
    },
    {
      "value": "12311111111111111144444444444444444",
      "date": "2023-11-30T10:26:05.299Z"
    },
    {
      "value": "12213134313412344123",
      "date": "2023-11-30T12:40:29.939Z"
    }
  ],
  "username": [
    {
      "value": "孙武",
      "date": "2023-11-30T14:16:23.688Z"
    },
    {
      "value": "孙杨",
      "date": "2023-11-30T14:30:29.583Z"
    },
    {
      "value": "111",
      "date": "2023-11-30T14:36:26.928Z"
    },
    {
      "value": "2222",
      "date": "2023-11-30T14:37:27.807Z"
    }
  ]
}