{
  "cache": {
    "config": {
      "env": "local",
      "name": "ee",
      "baseDir": "E:\\w_2023\\2023_refactor\\electron\\electron",
      "HOME": "E:\\w_2023\\2023_refactor\\electron",
      "rundir": "E:\\w_2023\\2023_refactor\\electron\\electron\\run",
      "dump": {
        "ignore": {}
      },
      "homeDir": "E:\\w_2023\\2023_refactor\\electron",
      "root": "E:\\w_2023\\2023_refactor\\electron",
      "appUserDataDir": "C:\\Users\\Administrator\\AppData\\Roaming\\ee",
      "userHome": "C:\\Users\\Administrator",
      "appVersion": "3.8.0",
      "isPackaged": false,
      "execDir": "E:\\w_2023\\2023_refactor\\electron",
      "logger": {
        "type": "application",
        "dir": "E:\\w_2023\\2023_refactor\\electron\\logs",
        "encoding": "utf8",
        "env": "local",
        "level": "INFO",
        "consoleLevel": "INFO",
        "disableConsoleAfterReady": false,
        "outputJSON": false,
        "buffer": true,
        "appLogName": "ee.log",
        "coreLogName": "ee-core.log",
        "agentLogName": "ee-agent.log",
        "errorLogName": "ee-error.log",
        "coreLogger": {},
        "allowDebugAtProd": false,
        "enablePerformanceTimer": false,
        "rotator": "day"
      },
      "customLogger": {},
      "httpclient": {
        "enableDNSCache": false,
        "dnsCacheLookupInterval": 10000,
        "dnsCacheMaxLength": 1000,
        "request": {
          "timeout": 5000
        },
        "httpAgent": {
          "keepAlive": true,
          "freeSocketTimeout": 4000,
          "maxSockets": 9007199254740991,
          "maxFreeSockets": 256
        },
        "httpsAgent": {
          "keepAlive": true,
          "freeSocketTimeout": 4000,
          "maxSockets": 9007199254740991,
          "maxFreeSockets": 256
        }
      },
      "developmentMode": {
        "default": "vue",
        "mode": {
          "vue": {
            "protocol": "http://",
            "hostname": "localhost",
            "port": 8080
          },
          "react": {
            "protocol": "http://",
            "hostname": "localhost",
            "port": 3000
          },
          "html": {
            "protocol": "http://",
            "hostname": "localhost",
            "indexPage": "index.html"
          }
        }
      },
      "socketServer": {
        "enable": false,
        "port": 7070,
        "path": "/socket.io/",
        "connectTimeout": 45000,
        "pingTimeout": 30000,
        "pingInterval": 25000,
        "maxHttpBufferSize": 100000000,
        "transports": [
          "polling",
          "websocket"
        ],
        "cors": {
          "origin": true
        }
      },
      "httpServer": {
        "enable": false,
        "https": {
          "enable": false,
          "key": "/public/ssl/localhost+1.key",
          "cert": "/public/ssl/localhost+1.pem"
        },
        "protocol": "http://",
        "host": "127.0.0.1",
        "port": 7071,
        "cors": {
          "origin": "*"
        },
        "body": {
          "multipart": true,
          "formidable": {
            "keepExtensions": true
          }
        },
        "filterRequest": {
          "uris": [
            "favicon.ico"
          ],
          "returnData": ""
        }
      },
      "mainServer": {
        "protocol": "file://",
        "indexPath": "/public/dist/index.html",
        "host": "127.0.0.1",
        "port": 7072,
        "options": {},
        "ssl": {
          "key": "",
          "cert": ""
        }
      },
      "openAppMenu": true,
      "hardGpu": {
        "enable": false
      },
      "storage": {
        "dir": "E:\\w_2023\\2023_refactor\\electron\\data"
      },
      "loadingPage": false,
      "addons": {
        "window": {
          "enable": true
        },
        "tray": {
          "enable": true,
          "title": "EE程序",
          "icon": "/public/images/tray.png"
        },
        "security": {
          "enable": true
        },
        "awaken": {
          "enable": true,
          "protocol": "ee",
          "args": []
        },
        "autoUpdater": {
          "enable": true,
          "windows": false,
          "macOS": false,
          "linux": false,
          "options": {
            "provider": "generic",
            "url": "http://kodo.qiniu.com/"
          },
          "force": false
        },
        "javaServer": {
          "enable": false,
          "port": 18080,
          "jreVersion": "jre1.8.0_201",
          "opt": "-server -Xms512M -Xmx512M -Xss512k -Dspring.profiles.active=prod -Dserver.port=${port} -Dlogging.file.path=\"${path}\" ",
          "name": "java-app.jar"
        }
      },
      "exception": {
        "mainExit": false,
        "childExit": true,
        "rendererExit": true
      },
      "openDevTools": {
        "mode": "undocked"
      },
      "windowsOption": {
        "title": "预测小软件",
        "width": 980,
        "height": 650,
        "minWidth": 400,
        "minHeight": 300,
        "webPreferences": {
          "webSecurity": false,
          "contextIsolation": false,
          "nodeIntegration": true
        },
        "frame": true,
        "show": false,
        "icon": "E:\\w_2023\\2023_refactor\\electron\\public\\images\\logo-32.png"
      },
      "remoteUrl": {
        "enable": false,
        "url": "http://electron-egg.kaka996.com/"
      },
      "jobs": {
        "messageLog": true
      },
      "coreMiddlewares": [],
      "coreMiddleware": [],
      "appMiddlewares": [],
      "appMiddleware": []
    }
  }
}